,MGHBC6_5,MGHBC6_cz,MGHBC6_cro,MGHBC6_fep,MGHBC6_atm,MGHBC6_tzp,MGHBC6_etp,MGHBC6_mem,MGHBC8_5,MGHBC8_cz,MGHBC8_cro,MGHBC8_fep,MGHBC8_atm,MGHBC8_tzp,MGHBC8_etp,MGHBC8_mem,MGHBC11_5,MGHBC11_cz,MGHBC11_cro,MGHBC11_fep,MGHBC11_atm,MGHBC11_tzp,MGHBC11_etp,MGHBC11_mem,MGHBC12_5,MGHBC12_cz,MGHBC12_cro,MGHBC12_fep,MGHBC12_atm,MGHBC12_tzp,MGHBC12_etp,MGHBC12_mem,MGHBC13_5,MGHBC13_cz,MGHBC13_cro,MGHBC13_fep,MGHBC13_atm,MGHBC13_tzp,MGHBC13_etp,MGHBC13_mem,MGHBC14_5,MGHBC14_cz,MGHBC14_cro,MGHBC14_fep,MGHBC14_atm,MGHBC14_tzp,MGHBC14_etp,MGHBC14_mem,MGHBC16_5,MGHBC16_cz,MGHBC16_cro,MGHBC16_fep,MGHBC16_atm,MGHBC16_tzp,MGHBC16_etp,MGHBC16_mem,MGHBC18_5,MGHBC18_cz,MGHBC18_cro,MGHBC18_fep,MGHBC18_atm,MGHBC18_tzp,MGHBC18_etp,MGHBC18_mem,MGHBC21_5,MGHBC21_cz,MGHBC21_cro,MGHBC21_fep,MGHBC21_atm,MGHBC21_tzp,MGHBC21_etp,MGHBC21_mem,MGHBC27_5,MGHBC27_cz,MGHBC27_cro,MGHBC27_fep,MGHBC27_atm,MGHBC27_tzp,MGHBC27_etp,MGHBC27_mem,MGHBC28_5,MGHBC28_cz,MGHBC28_cro,MGHBC28_fep,MGHBC28_atm,MGHBC28_tzp,MGHBC28_etp,MGHBC28_mem,MGHBC33_5,MGHBC33_cz,MGHBC33_cro,MGHBC33_fep,MGHBC33_atm,MGHBC33_tzp,MGHBC33_etp,MGHBC33_mem,MGHBC38_5,MGHBC38_cz,MGHBC38_cro,MGHBC38_fep,MGHBC38_atm,MGHBC38_tzp,MGHBC38_etp,MGHBC38_mem,MGHBC41_5,MGHBC41_cz,MGHBC41_cro,MGHBC41_fep,MGHBC41_atm,MGHBC41_tzp,MGHBC41_etp,MGHBC41_mem,MGHBC44_5,MGHBC44_cz,MGHBC44_cro,MGHBC44_fep,MGHBC44_atm,MGHBC44_tzp,MGHBC44_etp,MGHBC44_mem,MGHBC51_5,MGHBC51_cz,MGHBC51_cro,MGHBC51_fep,MGHBC51_atm,MGHBC51_tzp,MGHBC51_etp,MGHBC51_mem,MGHBC52_5,MGHBC52_cz,MGHBC52_cro,MGHBC52_fep,MGHBC52_atm,MGHBC52_tzp,MGHBC52_etp,MGHBC52_mem,MGHBC53_5,MGHBC53_cz,MGHBC53_cro,MGHBC53_fep,MGHBC53_atm,MGHBC53_tzp,MGHBC53_etp,MGHBC53_mem,MGHBC55_5,MGHBC55_cz,MGHBC55_cro,MGHBC55_fep,MGHBC55_atm,MGHBC55_tzp,MGHBC55_etp,MGHBC55_mem,MGHBC56_5,MGHBC56_cz,MGHBC56_cro,MGHBC56_fep,MGHBC56_atm,MGHBC56_tzp,MGHBC56_etp,MGHBC56_mem,MGHBC57_5,MGHBC57_cz,MGHBC57_cro,MGHBC57_fep,MGHBC57_atm,MGHBC57_tzp,MGHBC57_etp,MGHBC57_mem,MGHBC58_5,MGHBC58_cz,MGHBC58_cro,MGHBC58_fep,MGHBC58_atm,MGHBC58_tzp,MGHBC58_etp,MGHBC58_mem,MGHBC60_5,MGHBC60_cz,MGHBC60_cro,MGHBC60_fep,MGHBC60_atm,MGHBC60_tzp,MGHBC60_etp,MGHBC60_mem,MGHBC63_5,MGHBC63_cz,MGHBC63_cro,MGHBC63_fep,MGHBC63_atm,MGHBC63_tzp,MGHBC63_etp,MGHBC63_mem,MGHBC64_5,MGHBC64_cz,MGHBC64_cro,MGHBC64_fep,MGHBC64_atm,MGHBC64_tzp,MGHBC64_etp,MGHBC64_mem,MGHBC17ec_5,MGHBC17ec_cz,MGHBC17ec_cro,MGHBC17ec_fep,MGHBC17ec_atm,MGHBC17ec_tzp,MGHBC17ec_etp,MGHBC17ec_mem,MGHBC5_5,MGHBC5_cz,MGHBC5_cro,MGHBC5_fep,MGHBC5_atm,MGHBC5_tzp,MGHBC5_etp,MGHBC5_mem
POS_A,54640,30111,71786,67986,74360,73223,73976,76210,70775,80747,71074,77164,80811,84640,83543,40072,81828,14620,94452,69721,99825,42201,80756,95770,78405,85578,88110,16321,66259,82262,90847,74257,63748,73276,87631,62345,77070,82990,81124,83728,83532,84849,78166,84772,67553,78778,84311,66003,69751,70706,68145,75631,68396,73069,73430,72242,76893,73361,74506,71951,62016,66669,70476,71916,40846,22956,31344,41377,25762,50972,37626,61113,42703,66975,50644,36722,57600,51733,53995,61392,53342,35805,63743,33180,10650,58686,22195,16765,48414,28106,35543,47805,63781,18865,52413,54191,84018,74803,83286,87199,87448,77916,80608,70423,93430,75661,63822,41568,73273,67754,73039,71700,74760,76968,75884,61519,56831,63242,70081,14239,52597,25438,54533,47695,31758,53189,52010,40172,58163,52964,66786,57196,60565,61934,62783,50711,52432,53114,50985,46939,50243,50382,50973,39607,57165,38351,53112,57312,45229,52796,55043,47034,52905,51894,56203,58119,53212,47507,51026,43853,55349,60972,57215,48733,51936,60022,55868,48344,57625,53533,49798,53339,31729,49119,48671,49745,55594,56879,47209,42801,48155,48016,52388,53501,54100,51473,43952,50056,38559,48182,46619,41105,55397,54911,38851,51097,54100,57923,58551,50003,32903,33973,46463,54748,43758,35170,31532,45129,34236,42299,33543,2719,32485,40559,33045,53059
POS_B,8031,4396,10145,9648,10523,10126,10829,11156,9097,10676,8921,9830,10480,11066,10881,5231,10064,1935,11690,9009,12264,5333,9913,11969,9671,10840,11198,2115,8206,10122,11345,9496,8048,9384,11127,7769,9457,10387,10328,10689,10555,10580,9924,10868,8784,9728,10621,8289,8800,9059,8740,9451,8525,9235,9150,9176,10161,9811,9662,9476,8162,8641,9393,9851,5410,2973,3960,5392,3415,6691,4959,8427,5538,8808,6376,4569,7351,6477,6846,7759,6821,4631,8221,4082,1322,7307,2879,2166,6513,3823,4565,6457,8275,2536,7116,7113,10788,9609,10829,11698,11324,10402,10852,9426,12075,11273,8371,5581,9750,8820,9678,9466,9496,10364,9801,8021,7657,8131,9379,1879,15760,7570,16458,14780,9761,16072,15627,12339,17985,16564,20259,17762,18599,18921,18751,16131,15626,16159,15279,14120,14879,15349,15075,12389,17651,11594,15946,17860,13585,16233,16884,14699,16271,16344,17650,17875,16580,14760,15806,14338,16603,18361,17382,14662,15886,18344,16946,14600,18035,16577,15303,16272,11267,15142,15011,15481,16776,17287,14431,13349,14609,14639,15454,15944,16002,15189,13539,14972,11478,14537,13945,12479,16188,15985,12323,15247,15782,16788,17331,14668,10758,11568,14513,16278,13924,11701,10139,13156,10487,13037,10725,915,9841,12384,10284,16571
POS_C,4195,2009,5202,5142,5570,5277,5710,5785,4710,5399,4617,5103,5306,5627,5391,2713,5052,940,5877,4350,6052,2683,5029,5956,4697,5195,5549,1017,4173,4906,5701,4584,3922,4986,5644,4017,4970,5322,5239,5498,5320,5445,5112,5516,4402,5046,5342,4182,4338,4468,4466,4823,4223,4628,4578,4657,7024,6832,6576,6505,5643,5981,6370,6977,3646,2154,2795,3730,2371,4762,3458,5857,3935,6236,4282,3196,5261,4659,5020,5273,4792,3355,5897,3047,1007,5422,2100,1514,4443,2694,3201,4444,5967,1752,4929,5138,8122,7041,7610,8231,8279,7330,7553,6669,8533,7321,5861,3811,6924,6176,6838,6643,7037,7484,6950,5574,5211,5596,6688,1394,5051,2409,5250,4598,3035,4973,4728,3789,5431,5017,6279,5525,5790,5877,5707,4907,4841,5239,4634,4402,4888,4877,4778,3770,5481,3589,4878,5433,4114,4993,5205,4402,5056,4980,5630,5332,5114,4496,4928,4347,5042,5715,5475,4718,4947,5763,5054,4468,5463,5092,4805,5134,3680,4599,4671,4761,5222,5332,4524,4013,4550,4371,4977,4875,5054,4771,4172,4582,3511,4415,4234,3801,4924,5021,3849,4642,4973,5192,5171,4560,3333,3551,4409,4921,4247,3688,3125,4085,3264,4034,3488,264,3161,3924,3127,5263
POS_D,472,226,540,524,516,526,556,556,492,525,459,525,535,603,579,269,501,88,614,452,641,272,531,604,545,551,589,126,458,522,576,476,412,532,607,434,528,563,548,562,571,539,518,578,471,514,573,449,476,457,472,462,437,482,474,474,576,535,526,516,413,465,533,549,292,166,220,315,193,368,280,457,346,468,362,248,391,313,405,446,344,289,413,246,79,418,157,127,339,224,244,354,456,139,378,394,589,541,604,611,631,561,552,511,627,579,464,344,553,483,536,484,525,592,542,382,429,465,490,129,1082,566,1099,932,654,1155,1103,754,1170,1028,1348,1098,1292,1239,1254,1031,1035,1027,1011,949,1037,991,1084,831,1175,735,1056,1155,866,1106,1109,956,1096,1106,1185,1173,1067,982,1052,978,1088,1149,1178,1038,1010,1232,1024,880,1235,1072,997,1044,703,972,984,1029,1133,1155,949,870,945,1005,1041,1006,1060,1038,886,936,799,945,909,790,1096,1012,745,956,1027,1162,1146,931,614,705,950,1053,867,737,651,901,661,883,704,65,680,915,715,1098
POS_E,150,76,193,201,170,218,218,235,211,198,187,194,209,234,201,113,201,34,232,163,237,91,202,263,202,228,239,37,163,180,233,195,167,185,234,163,221,211,208,231,200,231,188,202,149,213,195,162,174,174,185,189,177,209,187,170,239,215,202,219,164,189,167,175,101,65,67,109,62,108,99,171,99,200,142,76,149,135,118,141,125,79,121,85,36,128,54,48,142,57,93,119,159,47,118,130,224,184,189,229,198,188,214,165,233,230,166,114,182,165,203,202,182,168,190,156,155,181,175,42,284,122,258,221,140,266,248,202,297,257,300,287,260,268,315,231,228,236,247,216,233,245,227,189,267,189,205,274,204,238,250,192,257,261,284,308,277,217,277,225,267,308,299,230,265,256,249,225,284,250,233,297,155,220,218,248,276,259,227,219,228,234,231,243,262,236,182,233,184,215,217,190,245,285,200,230,231,263,296,228,154,153,215,251,191,167,148,207,181,220,169,15,155,212,164,253
POS_F,55,43,82,78,69,68,73,91,70,80,41,55,69,77,72,40,87,19,87,67,69,27,79,79,78,85,76,11,79,77,77,88,81,84,110,78,88,130,94,100,74,78,55,76,58,70,69,58,64,88,66,66,67,91,80,64,113,111,124,104,105,114,137,109,49,35,44,49,33,59,49,82,59,92,75,47,54,62,83,70,68,59,80,46,12,61,35,24,77,36,45,83,69,32,75,91,83,79,75,98,85,91,86,70,121,74,73,72,77,94,86,81,86,99,88,63,82,77,68,19,79,46,88,66,51,69,79,53,84,73,85,80,86,69,92,83,79,57,69,64,59,79,71,58,82,50,79,75,63,75,90,70,79,62,68,91,70,78,69,55,86,96,103,69,54,90,66,60,97,86,61,89,35,61,72,80,77,76,80,60,48,66,70,62,66,70,68,70,58,61,58,59,71,61,63,65,77,77,85,66,46,43,55,74,58,53,35,70,47,63,50,3,50,71,58,86
NEG_A,2,3,5,3,3,4,1,1,1,1,1,1,1,1,3,1,1,1,4,5,6,1,1,1,1,1,1,2,1,2,3,2,1,1,1,3,3,1,2,1,1,1,1,1,1,2,2,1,2,5,1,3,3,2,1,1,24,33,20,22,24,20,2,2,4,1,1,4,1,1,1,2,1,5,2,3,5,3,2,4,6,1,5,1,1,2,1,3,7,2,5,6,2,1,3,6,5,1,1,7,1,2,2,3,3,7,4,10,3,7,16,29,12,4,4,17,7,11,9,2,2,2,3,3,3,2,1,1,4,5,7,4,7,5,3,2,1,2,1,1,3,2,2,1,2,5,1,4,4,3,2,1,12,9,8,11,13,6,1,2,3,5,2,3,2,2,4,4,2,1,2,1,1,1,4,6,2,2,2,3,2,5,1,1,4,1,2,3,2,2,5,6,6,3,1,6,1,3,1,1,3,3,1,3,4,2,2,4,3,2,1,1,1,3,5,5
NEG_B,3,4,3,1,3,7,1,3,3,2,1,1,2,2,2,2,3,1,1,1,4,1,1,3,2,1,1,1,2,2,4,1,2,4,1,1,1,2,1,1,1,3,1,3,1,2,1,1,1,6,3,3,1,3,1,2,7,8,10,5,5,6,5,4,5,1,1,3,2,5,1,1,6,5,1,2,1,1,2,4,4,3,5,1,1,4,4,1,8,4,5,6,4,1,2,2,6,4,1,2,4,7,1,1,12,7,1,6,4,3,5,5,10,7,6,7,4,6,4,1,4,2,3,4,1,6,4,4,9,7,4,6,3,5,4,5,4,2,6,1,5,2,4,7,6,6,7,7,1,7,6,3,8,5,7,10,7,5,3,1,4,4,4,10,8,2,2,4,5,7,8,5,2,4,6,4,3,1,3,8,6,4,4,2,6,3,1,9,7,9,3,3,5,4,3,2,4,5,4,4,2,5,1,3,1,3,2,3,3,7,4,1,2,8,2,4
NEG_C,4,5,5,4,6,1,2,1,1,2,2,4,1,1,1,2,2,1,4,3,1,1,2,4,1,5,1,1,1,2,1,2,1,1,1,2,1,2,1,2,1,1,1,1,1,3,1,1,2,2,2,4,1,1,1,1,7,2,11,6,9,11,3,4,4,1,5,4,1,1,4,7,3,4,1,2,6,4,3,2,6,1,5,1,1,2,1,1,9,1,1,5,4,2,3,4,5,5,1,2,4,4,3,4,10,11,5,2,8,2,7,5,11,12,6,11,8,10,6,1,5,1,4,7,6,6,6,5,8,2,6,6,12,10,2,3,6,5,3,1,4,3,3,2,3,7,6,5,3,9,2,6,4,5,6,3,5,4,1,3,7,11,6,7,1,4,5,6,6,7,4,2,3,5,4,2,6,3,11,3,7,3,5,5,4,4,2,4,4,2,4,6,10,7,4,7,4,4,6,1,2,1,3,5,3,5,2,3,4,5,3,1,7,6,5,3
NEG_D,3,1,1,2,4,9,3,3,1,1,1,1,1,1,1,1,2,1,1,1,1,1,1,4,1,4,1,1,2,2,1,5,1,1,1,1,1,1,1,1,1,1,1,3,1,1,1,2,1,1,2,1,1,1,1,1,6,6,6,2,4,9,2,1,1,1,2,3,2,1,1,2,3,2,1,2,3,2,3,2,2,4,2,1,1,2,1,1,3,2,1,3,1,3,1,3,4,7,1,2,2,6,1,3,4,7,4,6,1,3,3,5,5,1,5,4,5,2,5,2,2,1,3,1,3,6,3,1,2,8,5,5,3,9,4,3,4,2,3,3,2,4,2,1,4,3,5,4,5,7,3,1,5,1,1,3,4,1,1,2,3,1,6,7,1,1,1,5,2,6,1,4,1,2,2,4,3,2,5,3,5,2,3,7,4,2,2,3,2,2,2,4,3,8,3,4,8,3,1,5,2,2,1,5,3,3,3,1,2,5,4,1,2,5,4,6
NEG_E,1,4,5,7,4,3,3,4,1,1,1,1,2,1,1,1,1,1,1,4,2,1,1,1,1,1,2,1,1,2,2,5,2,2,2,1,1,1,1,1,2,1,1,1,1,1,1,1,2,1,1,3,2,1,2,1,116,127,90,112,104,63,3,2,1,1,2,2,1,1,1,1,1,4,3,2,2,5,1,4,2,2,3,1,1,3,1,3,2,2,1,2,4,2,6,3,4,6,1,1,2,3,2,1,1,16,6,3,1,4,19,21,8,8,12,13,4,5,9,1,1,3,1,2,1,1,1,1,2,5,1,4,4,4,2,6,1,2,1,1,2,1,2,2,1,3,2,5,4,3,3,5,63,52,54,44,44,21,1,1,1,3,3,5,4,5,2,4,6,3,1,4,1,4,3,1,5,3,1,2,1,1,1,2,2,2,3,1,1,3,1,2,6,6,2,1,3,2,3,3,1,1,1,1,2,1,1,1,2,1,1,1,1,2,2,4
NEG_F,1,3,4,3,2,4,1,1,2,1,1,1,2,3,4,1,1,1,2,7,6,2,1,1,1,4,4,1,1,4,1,1,1,1,3,1,1,6,1,2,2,1,2,1,1,1,3,1,1,3,2,4,3,5,1,1,9,10,1,5,4,12,2,7,3,1,1,3,3,8,1,5,4,5,1,2,2,3,1,1,4,1,2,4,1,5,3,3,6,3,6,18,6,1,6,4,6,1,3,1,3,5,4,5,7,18,12,14,8,11,10,9,11,13,8,13,6,13,3,2,6,2,1,4,1,5,2,1,4,7,8,9,4,11,2,5,7,1,4,4,3,3,1,3,2,7,9,5,4,6,1,3,2,4,6,4,3,1,3,2,7,7,6,8,4,5,1,5,5,5,6,7,3,7,3,3,4,4,1,3,3,10,3,1,5,1,1,3,3,4,3,5,17,7,8,13,7,9,2,3,1,1,6,7,3,1,3,2,5,1,3,1,2,12,2,5
wzi_1,8,14,5,10,7,16,1,2,5,3,2,1,1,1,1,1,4,2,12,20,12,1,2,5,1,4,5,1,4,6,2,1,4,5,5,3,3,4,1,2,2,2,1,5,1,1,1,1,7,8,4,21,8,12,2,1,7,7,13,11,8,23,2,4,1,1,2,3,2,1,2,7,4,7,8,2,5,8,8,5,7,3,5,1,2,4,2,3,9,4,6,21,5,5,3,7,18,4,2,1,8,12,6,5,21,17,16,35,22,11,19,31,14,15,29,33,12,23,4,2,9,3,4,5,2,3,5,1,7,7,14,11,9,7,3,8,7,2,4,6,7,4,4,1,9,4,3,10,6,15,2,1,4,3,6,3,3,4,2,1,5,10,8,11,4,14,1,8,7,5,11,13,4,11,4,6,9,3,1,3,4,5,3,2,9,3,3,5,2,3,3,2,17,11,2,12,9,10,3,5,7,6,6,5,7,1,2,4,5,6,7,1,4,15,4,7
wzy_1,1,2,6,4,4,6,4,3,1,2,1,1,1,1,2,1,1,1,1,6,2,2,1,3,7,1,3,2,5,1,1,2,1,2,3,2,1,2,5,2,1,3,1,1,1,1,3,1,6,4,4,5,1,1,2,1,28,23,24,20,30,18,2,4,2,1,1,1,1,4,2,4,4,2,4,2,1,2,2,5,5,6,2,3,1,4,3,4,3,1,3,9,3,1,5,4,6,2,4,1,3,3,1,1,4,13,1,10,4,3,19,30,12,7,6,28,2,9,8,2,4,1,1,2,1,4,1,4,2,3,3,5,5,9,7,8,1,3,1,2,5,1,1,1,2,8,3,2,2,3,1,3,10,6,13,10,9,10,1,3,2,4,2,14,6,3,2,1,4,6,4,3,3,7,3,5,1,5,2,2,2,1,2,2,1,3,6,4,2,3,4,4,6,4,6,7,7,5,2,4,2,1,6,5,3,1,1,6,1,3,2,1,3,8,2,8
wzi_2,5,4,6,13,10,6,1,1,6,2,3,1,5,3,2,3,4,2,11,13,10,3,2,1,4,5,7,3,3,4,3,3,4,3,12,4,4,7,4,2,5,1,1,4,3,1,1,1,9,4,11,9,2,6,1,5,13,17,12,22,11,28,4,3,6,6,2,4,4,4,1,5,4,9,10,9,1,6,2,8,5,2,5,1,1,5,1,2,11,6,5,8,7,3,6,2,13,2,6,3,7,6,1,4,16,15,7,21,10,12,11,9,13,15,18,10,8,16,10,2,9,1,1,4,3,4,2,4,5,9,10,15,3,16,2,5,5,1,10,6,7,2,2,2,7,4,8,10,8,13,6,5,8,13,8,9,6,7,5,4,6,17,7,10,12,9,2,5,9,10,8,13,3,5,4,4,7,10,3,9,5,10,6,2,9,5,3,13,6,5,4,6,20,12,9,23,7,13,2,6,8,3,6,10,7,5,1,6,5,10,4,1,6,20,3,6
wzy_2,29,40,36,43,39,44,38,29,18,18,8,16,11,20,15,14,16,2,24,31,19,10,24,21,24,20,20,8,31,22,16,21,27,26,62,45,40,52,57,34,14,13,25,21,23,24,28,11,23,25,28,25,31,30,26,26,70,52,52,54,67,63,78,45,35,14,25,32,22,37,34,45,40,57,41,32,42,25,32,46,46,38,47,25,7,53,19,19,37,14,27,47,49,23,46,43,45,33,25,59,47,57,50,30,59,71,32,46,48,55,42,49,49,54,58,47,51,37,46,11,34,15,29,25,14,24,22,12,26,29,36,31,32,31,23,26,29,22,28,23,22,30,23,19,26,32,34,18,37,30,32,35,39,21,21,29,32,24,18,14,31,28,39,31,34,20,22,24,30,31,33,32,12,26,28,29,36,33,32,20,26,26,29,17,49,33,13,20,31,28,19,29,36,25,16,25,41,34,29,33,14,19,18,30,17,14,12,19,30,38,21,1,25,39,46,56
CRE2_KPC_0.95,6,11,7,9,6,10,4,6,3,5,3,3,4,3,1,1,4,1,7,7,4,3,1,1,1,1,4,2,2,2,1,4,4,1,1,6,2,4,2,3,3,1,1,3,1,4,1,1,7,2,4,3,3,7,4,3,7,9,11,15,5,15,8,6,3,6,4,7,6,4,3,2,4,6,7,6,7,3,5,6,6,4,7,2,1,5,2,1,13,6,3,7,15,1,3,2,14,5,11,6,5,7,4,2,20,15,8,14,5,7,11,9,6,18,18,16,10,16,6,1,7,3,8,15,7,7,5,4,17,12,12,12,13,16,11,9,10,9,5,13,7,8,8,4,9,8,7,15,9,9,7,4,6,13,14,4,6,12,4,3,14,6,15,9,7,10,7,1,18,9,11,18,5,5,8,7,12,8,5,5,7,8,3,7,11,6,8,13,9,8,4,4,11,17,6,9,15,11,11,10,3,5,5,7,6,3,3,7,10,13,1,1,5,13,5,11
CRE2_NDM_0.95,2,12,7,9,4,7,2,2,1,2,2,5,1,1,1,1,1,1,5,9,1,1,1,1,2,4,4,1,2,3,1,5,1,3,4,3,1,1,1,2,2,1,1,2,4,1,1,1,4,1,5,4,3,2,1,1,10,6,8,7,8,11,2,1,3,1,1,3,2,1,1,4,5,6,4,3,4,2,1,1,6,1,6,1,1,3,2,2,7,6,9,12,8,1,6,2,2,1,4,1,5,4,3,1,9,10,6,15,7,3,2,4,9,10,8,9,5,4,4,2,6,1,4,3,1,3,3,1,14,4,4,8,10,9,6,3,4,5,4,4,8,2,3,1,5,7,10,7,4,11,5,1,9,3,6,9,6,7,5,4,7,12,11,19,7,8,5,2,5,8,3,16,3,9,5,2,10,10,6,4,2,5,4,2,8,7,2,6,2,3,3,1,8,8,8,23,10,13,3,6,2,4,3,8,2,4,4,3,2,5,5,1,5,16,7,7
CRE2_OXA48_0.95,3,3,8,6,2,7,1,3,2,1,1,3,2,1,1,1,1,1,6,7,1,3,3,1,3,2,1,2,1,4,3,1,1,1,1,1,1,1,3,1,1,1,1,2,2,1,1,1,2,5,5,1,2,4,1,1,6,3,6,5,10,7,3,1,4,1,2,4,3,5,2,5,2,5,2,1,3,4,6,4,1,1,3,4,1,3,2,1,4,4,2,3,2,1,3,1,2,4,4,4,5,5,4,2,2,5,8,2,4,5,2,6,4,7,3,3,7,2,1,1,7,1,1,6,6,7,5,1,7,5,3,13,5,5,3,3,4,6,6,1,3,9,3,4,5,5,3,7,3,7,3,8,8,4,1,5,1,1,1,3,4,10,1,6,6,5,2,5,7,6,7,1,1,4,2,2,2,5,1,5,5,5,1,4,4,1,3,1,1,5,3,2,8,4,6,8,1,6,3,5,3,4,3,1,4,3,2,3,2,7,4,1,4,7,5,4
CRE2_CTXM15_0.95,1,5,3,7,2,11,4,5,1,2,1,1,1,1,2,3,3,1,3,5,2,2,1,1,1,1,2,1,1,1,1,3,1,1,1,1,2,1,1,1,1,2,2,1,2,1,1,1,1,2,2,4,1,3,2,1,114533,106081,91404,108399,89489,50261,411,488,1,1,1,1,1,1,1,1,8,5,3,2,3,2,5,2,1,4,5,2,2,1,1,1,3,3,7,4,4,1,6,1,8,1,2,2,4,2,1,1,5,10,4,9,1,6,11,38,4,11,9,19,6,11,7,1,1,7,5,5,2,3,1,4,5,5,2,5,2,6,3,4,5,2,2,3,4,3,1,1,1,1,4,2,3,4,4,4,78161,73300,76732,72534,69416,26030,288,273,4,4,10,4,1,3,1,7,4,3,5,9,3,4,3,2,3,3,2,6,4,2,2,2,3,4,1,3,2,2,4,8,5,4,3,2,5,4,1,3,2,4,4,4,4,1,1,1,2,4,1,1,2,5,4,5
CRE2_IMP_1_0.95,3,4,7,5,4,4,5,2,1,1,2,2,1,2,1,1,1,1,2,2,1,1,1,1,1,3,5,1,2,5,1,2,1,1,2,2,2,4,2,1,2,1,1,1,1,1,1,1,3,2,3,3,1,2,1,4,22,32,22,29,43,18,1,2,5,2,1,1,1,2,1,1,2,2,5,3,1,5,1,2,3,2,1,1,1,2,1,3,6,1,3,5,6,1,2,7,7,1,1,3,1,1,4,1,9,14,3,9,3,3,19,26,15,12,8,24,3,12,8,6,1,3,3,5,1,2,1,1,3,4,5,11,3,11,3,4,1,4,2,1,2,2,4,2,2,5,1,5,5,1,2,2,15,10,15,14,12,8,6,3,6,1,5,5,3,5,6,7,2,1,7,6,2,5,5,1,2,1,1,3,1,5,1,1,1,2,1,1,1,4,1,1,9,10,3,5,2,5,5,1,3,1,1,3,2,1,1,1,1,8,6,1,3,6,2,7
CRE2_IMP_3_8_0.95,18,22,28,26,30,39,20,19,11,14,9,21,12,9,19,12,18,1,23,22,26,9,23,13,27,27,32,6,26,24,27,30,24,39,68,56,34,75,53,50,18,24,20,28,26,29,36,17,38,24,31,32,33,25,30,19,64,58,49,45,49,65,49,48,29,16,20,31,14,27,24,23,32,54,53,31,33,22,31,28,38,40,40,24,8,35,15,17,35,21,26,57,53,22,30,38,32,26,23,32,24,26,37,18,44,44,27,42,39,35,18,29,36,30,41,30,36,32,25,9,22,11,16,24,17,12,24,19,20,23,27,29,24,31,17,15,15,12,25,17,13,20,21,12,29,14,20,13,19,21,24,19,15,19,22,29,25,22,15,14,17,17,23,22,22,25,15,18,24,27,25,32,8,23,16,22,23,23,27,15,17,16,22,9,30,23,10,22,10,22,13,17,27,25,12,21,19,20,20,18,3,6,15,17,10,10,13,19,22,25,19,2,18,27,25,37
CRE2_IMP_2_4_0.95,8,2,12,5,8,10,5,4,9,1,1,1,1,1,1,1,4,1,7,8,8,1,1,1,2,2,2,1,4,3,1,3,1,2,1,3,1,1,1,3,1,4,1,2,1,4,1,2,7,2,3,8,5,3,1,1,7,12,11,9,9,5,3,2,5,5,1,2,2,3,7,1,6,3,2,1,3,2,2,1,4,2,2,2,1,1,1,1,4,2,7,8,5,1,5,5,9,1,2,6,1,4,4,4,16,9,4,6,4,5,5,10,12,9,9,8,5,14,6,1,6,1,2,4,7,4,6,7,7,5,13,8,7,6,3,8,11,7,5,5,4,2,7,6,9,5,8,5,7,4,3,4,6,5,9,3,14,2,2,3,7,8,12,5,8,14,10,5,5,9,4,6,4,4,5,8,8,5,2,1,7,9,5,6,11,5,3,4,2,3,3,4,13,8,8,6,6,10,4,1,2,7,3,6,5,3,2,2,6,9,2,1,6,11,10,6
CRE2_IMP_5_0.95,18,22,29,30,17,19,15,15,12,12,17,11,13,10,13,13,15,1,34,23,14,7,22,14,22,34,22,11,28,31,25,28,26,35,73,54,45,70,64,46,20,19,22,23,17,26,41,14,24,20,34,34,26,24,27,18,45,58,44,42,49,36,54,41,18,16,14,12,10,28,23,22,33,25,34,31,18,24,17,34,39,33,30,26,7,38,16,8,27,18,20,39,45,12,39,27,26,17,12,29,20,28,34,20,49,35,22,26,40,29,29,18,42,38,31,10,29,28,20,14,23,5,25,18,7,22,14,14,14,13,14,25,22,17,15,13,10,19,16,13,16,17,8,14,15,11,26,20,11,19,20,14,12,18,18,14,11,12,21,9,19,17,24,19,20,19,21,11,11,8,26,21,5,22,11,17,28,20,17,18,18,19,18,15,21,24,10,19,15,23,12,10,29,21,12,23,15,18,23,21,13,10,12,20,7,6,9,15,14,25,17,1,14,35,25,31
CRE2_IMP_6_0.95,1,5,10,5,4,12,4,3,2,1,1,1,1,1,1,2,1,2,6,3,3,2,1,1,1,3,4,1,1,3,2,2,1,1,3,1,2,2,1,1,1,1,1,1,1,1,1,1,2,1,1,4,2,2,1,2,34,36,23,34,31,19,1,4,2,1,3,1,3,1,3,1,3,5,4,3,3,3,6,3,2,2,2,4,1,1,1,1,3,1,4,9,1,1,5,6,7,4,2,1,4,5,3,1,7,11,2,12,4,5,18,32,12,7,17,25,4,13,7,2,4,1,2,4,1,2,4,2,7,7,4,8,9,6,3,5,2,3,4,4,1,4,2,2,3,4,2,3,5,6,5,3,20,21,26,14,13,7,8,2,1,7,5,3,4,4,1,7,7,4,1,8,1,5,3,5,1,1,1,1,6,3,4,1,4,5,2,5,1,3,1,6,5,7,8,6,2,6,5,4,2,1,3,7,4,1,5,2,2,6,1,1,3,8,4,5
CRE2_IMP_7_0.95,2,4,4,4,5,6,6,3,2,1,3,2,2,1,1,3,1,1,3,4,4,1,2,1,1,1,2,1,1,2,2,2,1,1,1,1,3,2,1,1,1,3,1,1,2,2,2,1,1,2,2,1,1,2,1,6,4,5,4,11,6,8,3,2,4,1,1,4,4,5,3,6,5,5,1,2,10,4,7,4,6,1,6,2,1,4,1,3,2,4,5,5,7,1,4,3,7,1,3,1,2,3,6,2,8,6,5,13,3,6,10,7,9,11,4,11,4,8,8,2,7,3,6,10,4,4,4,4,7,2,11,7,7,11,5,2,6,5,2,2,4,5,8,3,1,2,4,5,5,5,2,2,3,5,3,3,7,3,3,1,5,6,7,8,2,9,5,6,6,2,3,4,3,5,2,5,5,8,3,2,4,2,7,3,3,3,3,2,3,3,7,2,9,11,3,6,6,8,5,6,1,1,4,7,5,3,5,5,3,3,5,1,9,9,5,8
CRE2_VIM_1_0.95,17,24,37,26,21,23,30,30,15,16,7,12,15,15,13,18,13,3,33,23,22,6,29,15,24,26,20,15,20,33,27,28,31,34,79,64,52,78,66,48,17,21,17,17,24,34,38,14,25,36,41,33,30,37,30,31,53,71,51,67,56,95,71,62,36,21,16,30,10,26,28,23,30,39,42,28,29,25,24,42,33,41,23,31,9,52,21,18,37,12,15,51,55,26,34,44,40,22,16,33,49,34,30,28,36,23,27,39,43,32,37,27,39,30,32,35,34,26,27,4,19,15,21,14,19,13,17,10,18,15,19,25,23,19,13,13,14,19,8,15,13,8,13,8,14,17,8,11,15,18,10,12,12,13,23,18,9,11,10,13,14,17,18,20,10,14,8,10,18,14,26,21,7,9,15,15,19,13,17,11,16,21,16,8,16,11,14,12,17,13,11,17,27,12,10,16,19,22,18,14,14,8,14,18,12,7,7,10,11,21,18,2,19,20,30,22
CRE2_VIM_2_3_0.95,2,4,6,5,5,4,4,4,1,1,1,3,3,1,2,4,3,1,4,7,2,2,2,1,3,3,4,1,3,2,1,1,1,2,1,2,3,3,2,2,1,2,1,1,1,1,2,1,1,3,1,4,4,2,2,2,75,94,63,75,83,47,7,4,4,1,1,1,1,2,1,3,2,4,7,6,3,3,3,4,6,1,3,1,1,3,4,5,6,2,1,9,8,3,2,12,10,3,1,3,5,5,1,1,10,13,8,7,8,6,23,30,10,14,9,21,7,22,11,3,7,1,1,4,1,3,2,1,2,3,5,2,2,5,1,4,1,6,2,2,2,1,1,2,3,3,1,5,4,5,2,4,32,30,36,32,26,3,1,1,1,5,3,9,6,3,2,3,3,6,1,4,1,5,1,9,6,2,3,1,3,1,1,3,4,1,1,1,4,1,1,4,3,2,4,3,4,4,2,1,2,1,6,3,3,1,1,1,3,3,3,1,3,9,3,7
OXA10_0.95,6,5,2,4,7,7,3,3,2,1,3,1,2,1,3,1,3,1,5,6,3,1,1,2,2,1,2,1,2,2,3,2,2,3,5,1,3,1,2,2,2,3,3,4,1,1,3,1,6,6,4,4,1,4,1,4,6,10,10,5,8,9,7,6,6,1,5,5,1,2,2,7,2,4,9,3,3,6,5,4,7,2,5,3,1,6,3,2,8,5,7,13,9,2,4,4,6,1,3,4,11,7,3,6,12,13,7,12,9,9,14,5,15,10,10,11,15,8,5,1,10,5,3,6,6,7,6,2,9,8,7,4,8,10,4,5,6,6,5,5,5,3,4,1,10,6,8,4,4,13,1,3,7,4,6,7,2,3,1,2,6,11,7,12,7,3,6,6,9,9,7,17,4,7,9,5,12,7,6,4,2,11,9,2,11,13,6,5,6,7,7,1,24,11,7,21,15,16,6,6,3,6,3,10,5,3,3,4,8,4,7,1,8,20,5,11
EcMero2_C_APECO78_00485_0.95_1,849,412,1007,911,759,993,182,211,2589,1302,1032,1011,881,1159,203,120,1744,317,1787,1766,1383,697,94,309,1584,1618,1132,253,160,1008,181,176,1012,886,1295,766,817,1094,190,184,890,631,440,519,355,442,158,115,2033,1667,1584,1849,1222,1773,210,264,1276,1341,1163,1431,1215,1087,219,217,504,275,376,486,261,324,79,147,823,604,553,390,450,445,160,163,326,152,221,75,39,194,56,49,637,391,512,871,833,298,185,240,1042,384,383,162,387,549,135,105,1596,1104,1005,809,963,1199,534,623,1669,1467,1592,578,950,1165,315,59,688,148,219,160,141,201,155,116,1006,705,646,651,757,697,208,268,1515,917,663,613,435,754,177,139,494,355,481,610,468,539,155,154,690,632,730,660,610,514,163,140,711,801,586,577,569,759,215,309,792,732,473,587,249,561,163,175,703,528,369,404,277,409,138,150,867,422,307,416,223,333,157,155,1174,633,474,516,559,879,237,205,170,205,234,305,156,145,80,139,652,385,335,39,308,566,144,225
EcMero2_C_APECO78_02145_0.92_1,2675,693,1554,1511,1156,1601,213,237,3462,1041,634,762,940,760,207,115,4681,580,3023,3517,2648,1209,97,448,3173,2106,1816,295,258,1764,271,218,1978,1541,1453,1051,953,1281,186,212,1574,885,514,617,414,494,139,95,4871,3329,2797,3030,2318,3181,275,387,3214,3360,3440,3569,3220,2195,230,195,753,421,442,631,423,259,86,123,1237,708,538,386,482,456,149,177,609,132,193,63,47,140,37,31,1853,1116,775,1122,624,507,197,286,3180,393,763,191,487,1151,154,144,4006,1878,1256,1059,1074,1557,509,631,4900,4691,4314,631,2372,3577,358,78,1485,177,198,194,145,204,136,103,2668,949,1224,938,1290,1279,225,315,2500,1092,530,667,426,659,168,190,2498,2119,1039,1024,798,1094,158,135,1554,1322,1330,1319,1224,733,176,137,1825,1865,1454,1178,1273,1813,231,473,1822,1631,950,784,650,1020,138,189,1259,724,539,484,325,551,149,142,1613,419,230,361,191,260,158,169,3116,1215,1360,914,1126,2279,225,169,338,356,245,292,191,165,70,117,1064,597,622,62,445,1227,170,311
EcMero2_C_APECO78_03920_0.97_1,6276,2569,5476,5413,3717,6098,152,298,9024,3374,2021,2542,1945,2658,179,93,11380,2024,10799,12280,9137,4485,106,1237,8707,7396,4839,1256,554,4940,343,326,6198,4374,4869,3180,3561,4130,141,229,5238,2562,2111,2492,1582,1730,145,113,11213,11594,11055,14021,6501,11765,354,709,8136,8166,8265,9482,7797,7313,309,303,2826,1620,2113,2703,1412,909,89,132,3859,2132,1703,1502,1929,1615,248,314,1790,327,513,174,83,439,55,60,5166,3666,3739,6894,5330,2540,242,655,9286,844,1808,145,2377,3431,119,134,14167,8064,5441,4427,5151,6781,1465,2849,11923,10727,10811,2355,4843,9401,993,189,3687,242,333,221,214,385,112,86,6938,2913,2925,2836,3048,3037,157,562,4172,1423,875,1175,681,1117,91,174,3839,2940,2742,3675,2167,2323,102,95,3084,2977,2940,2838,2614,1564,113,62,3445,3966,3009,2471,2686,3729,155,1042,4281,3925,2150,2896,1352,2397,115,137,2917,1246,934,1070,731,1160,84,112,3078,1166,565,1111,431,886,119,160,6218,2438,3186,1972,2201,5461,144,162,851,994,580,823,383,531,40,102,2337,1186,1635,169,1045,3538,247,531
EcMero2_C_APECO78_05715_0.97_1,8137,2996,5978,6073,3325,6405,254,448,13304,3667,2789,2978,2627,3277,373,207,19236,2826,14439,16750,10644,5238,190,2342,10047,9509,7183,1356,413,6206,759,799,9330,7981,7183,5542,3375,6125,376,564,5889,3783,2016,2526,1525,1857,205,203,18823,14038,12821,14674,7098,13150,666,1206,9324,10303,12174,13568,12381,6351,424,433,3316,1923,2271,3083,2411,1013,124,215,5402,3083,2370,1766,2013,1860,444,608,2060,599,835,238,107,541,146,116,5948,3864,3652,5950,5354,2411,653,1267,10809,954,3209,283,1652,3967,288,252,17438,9232,7333,5798,9046,9287,4044,6042,25175,23658,26879,4625,8790,22656,2375,524,5617,440,560,374,246,521,194,192,10468,4264,4553,4045,4502,4949,269,1009,8583,3076,2177,2074,1447,2207,154,352,8196,6460,2830,3271,2321,2776,165,199,4840,4562,4205,4412,4688,2340,194,155,7246,8813,7060,4728,6903,7937,240,2017,6252,5962,5141,3608,3056,4813,273,308,5740,2401,1554,1600,897,1676,174,213,5743,1351,649,1262,698,1071,317,469,11012,4204,6921,3144,3711,9453,250,275,1918,1698,1279,1475,725,1120,114,409,3549,1626,2449,213,1342,4301,626,1307
EcMero2_C_APECO78_16235_0.95_1,971,214,656,564,141,710,78,101,2286,390,207,253,102,307,107,60,2428,193,1358,1453,462,506,39,141,1649,829,687,141,43,693,92,84,975,542,542,383,85,489,66,73,1028,403,302,356,225,283,62,42,2032,1267,1207,1312,316,1282,96,101,1073,1144,1072,1335,1047,685,93,65,513,295,363,460,208,84,41,60,716,282,215,182,66,189,55,64,304,63,64,23,8,64,27,18,658,405,340,469,146,183,79,111,1223,181,274,71,88,452,68,57,2365,984,690,478,347,856,284,346,2592,2448,2343,227,163,2061,125,27,540,61,47,64,41,71,59,41,1024,376,466,365,468,543,95,152,1118,357,220,244,81,263,64,84,502,500,245,399,280,287,54,62,662,638,678,668,655,323,69,52,749,846,511,382,304,637,76,176,730,694,320,363,50,353,61,73,648,189,162,155,56,181,67,66,441,140,95,120,61,89,66,59,1017,388,609,298,154,899,91,83,133,135,90,135,60,67,30,65,400,167,207,16,43,375,64,91
EcMero2_C_APECO78_17535_0.95_1,3435,808,1872,1483,1118,2016,133,162,5189,893,654,666,550,743,117,78,7057,820,4285,4473,3721,1950,69,448,4980,2386,1624,310,185,1755,183,147,3346,1763,2203,1156,1194,1802,120,163,2299,874,556,646,460,526,98,72,7483,4255,4264,4388,2426,4910,176,259,3779,3872,4264,4969,4047,2092,159,136,930,545,812,892,528,221,57,78,1464,760,506,359,484,528,104,140,893,111,135,66,26,126,30,33,1760,1221,890,1187,845,626,145,224,4101,261,563,89,306,1009,76,65,6309,2363,1561,1206,1362,2097,583,823,6359,4943,5156,750,2220,4332,400,77,2014,120,137,106,96,132,84,72,3050,941,1062,822,1070,1184,138,269,2460,480,317,342,290,344,100,96,1710,1046,831,863,681,775,96,99,1393,1426,1366,1556,1432,536,99,69,1956,2391,1517,1228,1502,2058,128,604,2042,1985,886,705,654,952,87,103,1742,437,351,359,257,445,101,86,1429,219,136,193,140,166,94,91,3494,1245,1667,1015,1019,2875,139,138,471,432,261,257,156,190,43,82,1265,450,618,45,206,1436,130,207
EcMero2_C_APECO78_19825_0.97_1,3651,865,2186,1961,1472,2491,93,148,6238,1696,1460,1291,993,1514,141,66,8916,940,6164,6315,5147,2355,53,507,5695,2949,2762,604,239,2788,175,133,3118,1482,2011,989,1128,1714,118,153,2875,1144,990,1150,825,972,85,60,8443,5107,4920,5413,2988,5383,192,290,4826,4822,4636,5400,4331,3357,180,146,1523,843,1088,1233,691,289,52,80,2398,869,971,586,600,892,107,118,1367,125,238,66,41,192,38,28,2421,1681,1256,1755,1061,714,147,254,4920,388,967,118,568,1675,93,90,7405,2844,2156,1495,1692,2833,632,1009,7873,6426,6415,1093,2495,5006,466,101,2908,184,251,163,151,251,103,64,3734,1052,1651,1242,1818,1767,147,304,3290,898,480,591,352,647,91,122,2327,1730,1439,1684,1101,1396,102,124,2417,2297,2295,2272,2067,1079,103,79,2684,3004,1779,1454,1651,2387,146,670,2725,2567,1284,1391,598,1479,122,116,2139,817,725,634,318,841,90,88,2344,520,372,467,232,522,97,117,4649,1659,1744,1337,1254,3510,175,172,513,510,310,408,172,254,38,79,1683,565,672,66,463,1508,137,241
EcMero2_C_APECO78_20780_0.95_1,1420,372,938,761,243,1175,209,195,2370,771,414,630,236,562,211,124,4501,375,2377,2957,1028,935,114,347,2507,1856,1614,332,155,1834,240,210,1348,769,852,644,222,841,205,204,1469,765,512,618,395,541,153,111,3893,2004,1853,1996,544,2003,213,263,1936,1843,1962,2131,1800,1235,172,171,459,235,281,393,221,138,81,128,1122,549,382,310,148,394,99,151,582,125,121,75,27,166,45,35,683,493,358,545,295,233,174,196,1691,272,459,129,166,815,117,112,3149,1099,760,538,473,1013,287,314,2321,2051,1921,319,404,1510,230,48,1018,125,144,168,67,152,132,84,1978,677,960,763,1050,1091,218,274,2250,530,286,373,175,343,145,146,700,500,536,623,480,610,157,117,407,454,434,455,359,369,143,103,1074,1137,630,518,468,844,210,328,1168,1030,621,661,130,790,166,159,838,524,426,351,142,449,154,137,1169,236,167,237,106,214,138,124,1482,658,633,532,289,1089,202,171,196,213,185,272,100,159,56,136,831,410,343,27,116,680,139,229
EcMero2_Rup_APECO78_00325_0.97_1,5243,3024,4374,6247,3623,7286,351,1274,21169,5868,4761,3946,5917,5553,906,455,17559,6359,29624,43129,29867,17881,520,9803,7212,15201,9432,2296,1383,12218,2048,2181,11172,12343,9364,5345,4713,12223,558,1283,4686,3982,2069,2493,2081,3470,259,250,21903,22256,20087,26925,18966,38160,2025,4749,5159,5154,7554,6969,8286,11539,532,795,2170,946,1969,3128,2552,2822,83,228,2107,2575,2697,2014,2322,3348,862,1143,902,307,680,179,136,869,130,140,2606,2020,2151,4413,5702,2376,1192,3384,5314,1441,2932,488,4748,6710,512,554,8677,13187,5802,7290,4024,8589,10344,18120,12805,13016,17262,21862,6504,21560,5537,803,3807,505,765,310,779,737,212,206,7170,3670,4722,4119,5900,6729,373,3494,3199,2710,1324,2016,1182,1648,160,991,2219,1954,3413,4289,3128,5245,143,250,3654,4344,4911,5313,7767,4167,334,231,3102,6457,5487,8434,6160,9825,535,9748,2866,2792,3116,3912,2707,4563,675,1033,2663,4115,1745,2184,1256,2697,193,355,1330,589,393,876,874,531,466,958,5253,7600,5133,5751,5203,11353,335,705,1748,1462,811,649,497,985,65,199,2668,2194,3073,373,1641,8922,976,2339
EcMero2_Rup_APECO78_04245_0.95_1,2730,2529,3280,6562,3568,4809,266,842,2826,2112,1103,1812,2400,1236,476,301,8846,4215,12110,28215,10567,6416,412,6984,2936,7627,3049,1478,911,4734,1226,1362,3927,9368,4120,5820,5143,5310,462,936,1496,2457,974,1873,804,1284,209,223,9193,14051,7577,16063,7342,12150,1027,2549,2777,3238,4279,4128,4148,5251,485,585,467,252,402,771,862,508,94,170,701,1704,849,1358,1691,1056,628,1006,676,363,353,163,85,383,112,123,2409,1784,2106,4171,2187,1502,1069,2947,3278,1024,1194,144,2546,2917,329,365,6509,9032,4638,7229,5640,7069,10459,19272,7573,6258,8156,14809,3071,9794,4130,737,1150,332,335,294,339,357,127,111,2300,1868,1477,2252,1511,1882,318,1985,2252,1316,917,1371,949,1201,156,469,1223,935,797,1247,690,999,154,172,685,748,678,850,1098,858,231,177,2093,3102,2082,4034,1811,3343,497,4380,1578,1329,1226,1926,623,1708,409,549,1041,1217,550,978,831,825,165,230,1328,454,227,590,529,311,251,431,2388,3312,1776,3323,1662,3745,266,457,448,665,340,641,454,373,90,149,834,1598,920,220,1011,3345,569,1437
EcMero2_Rup_APECO78_05395_0.92_1,105,289,867,794,183,927,121,178,182,458,576,755,214,409,183,89,301,182,1682,2342,787,488,133,756,195,989,1378,504,132,813,319,324,152,610,674,537,234,743,239,293,162,352,327,488,189,269,139,102,236,945,1223,2143,281,1126,312,359,153,178,182,224,182,945,155,188,91,36,50,118,52,188,76,88,91,284,406,278,197,329,98,138,80,78,203,57,24,122,48,34,118,90,189,322,453,96,266,571,161,224,249,92,131,273,81,100,416,341,236,186,181,285,1921,2598,375,556,1517,797,278,907,605,104,136,60,139,113,67,107,80,83,215,555,721,808,508,606,177,221,98,165,90,142,92,103,97,115,178,135,403,876,339,498,86,90,136,133,138,139,118,390,118,96,156,298,350,708,164,305,202,617,121,142,364,897,74,534,156,202,116,221,257,268,106,261,124,114,141,119,119,151,90,128,95,95,303,656,353,670,214,452,188,209,42,72,156,220,71,114,44,86,101,378,390,60,84,624,140,254
EcMero2_Rup_APECO78_05500_0.97_1,543,415,1309,1002,1441,1355,205,291,539,1408,2386,1001,1549,2913,218,139,1540,960,6666,6207,5310,2840,165,809,684,1993,2410,371,649,1954,271,235,415,1140,3312,974,1701,2766,221,236,525,1047,1026,971,914,1228,165,114,861,1618,3380,2610,1615,3723,212,377,456,454,480,516,467,1414,181,139,181,97,114,268,148,416,48,112,275,389,704,285,592,647,128,114,156,103,149,61,34,150,46,30,368,275,402,578,1130,267,121,199,545,297,587,105,1617,910,113,93,811,936,598,519,726,601,732,1294,892,856,1385,887,714,880,372,88,315,99,123,150,95,117,91,71,516,476,587,542,557,574,166,233,368,380,426,303,308,465,138,135,481,388,727,447,471,775,143,105,256,237,254,261,215,449,123,97,454,588,603,712,573,708,182,487,394,387,572,526,614,417,133,149,329,467,421,410,643,470,102,100,320,231,164,241,257,192,117,120,663,768,394,489,453,795,175,131,95,140,205,209,256,165,53,132,194,251,646,42,348,1004,127,183
EcMero2_Rup_APECO78_09510_0.97_1,305,960,2288,2926,805,2304,314,603,1195,1323,1629,1888,518,1208,349,173,510,539,4265,5862,2283,1232,238,1731,461,2397,4604,1117,160,2210,826,867,1352,2460,3066,2237,765,3155,520,886,559,748,881,1185,544,728,227,168,422,3140,2869,5245,782,2736,803,1092,288,261,288,384,266,3250,305,443,437,233,286,511,288,625,79,167,273,756,1319,898,717,955,305,421,163,124,425,98,38,294,74,83,163,109,496,907,3043,266,560,1345,267,351,583,137,353,792,121,138,650,865,658,667,458,740,8949,12432,465,607,2505,2655,589,1144,2256,341,575,93,209,124,101,170,96,87,209,1070,1870,1640,1434,1637,167,488,110,251,134,184,96,136,93,164,158,128,1457,2306,902,1550,79,135,224,191,225,185,193,952,130,112,209,441,558,1662,276,549,328,1585,164,135,766,2126,151,1088,364,496,216,437,448,610,206,412,105,151,141,173,205,225,138,190,146,172,258,1032,422,1540,352,801,225,284,82,259,281,357,129,219,53,97,174,760,964,130,189,1482,349,633
EcMero2_Rup_APECO78_09705_0.92_1,868,2462,3420,7354,705,3790,186,446,3450,1737,2475,2434,638,2592,311,176,1355,1766,8495,13165,2772,2038,123,1935,3782,5947,11428,2175,250,7250,787,793,1872,5944,5843,4823,819,4490,399,716,3596,2630,3582,3497,2038,2795,235,249,676,5839,4554,10316,1020,4225,421,835,1216,919,709,1577,709,6716,363,485,240,119,188,459,174,338,39,49,371,1293,1718,1186,556,1695,523,640,288,244,431,78,17,311,73,71,923,921,3340,12686,1522,872,658,1644,3079,853,2345,153,583,3953,281,311,3279,9781,4579,5552,1333,3883,2099,4017,1237,1706,2946,1377,600,1595,1499,220,562,110,336,122,113,265,89,89,909,3360,5826,4749,5203,5045,194,881,870,938,280,675,131,430,92,484,340,257,4434,5766,3060,3929,78,99,2936,4051,3753,4538,3330,2227,112,86,441,1027,1258,3530,459,1035,120,2094,2402,2206,4899,10338,714,6179,263,421,3506,3163,3262,2982,563,2996,182,246,148,112,65,96,77,110,52,48,1167,2589,1625,4652,716,2233,132,245,114,385,389,641,96,275,36,115,756,1608,1539,188,236,3874,869,1723
EcMero2_Rup_APECO78_09710_0.92_1,989,3221,4587,10349,579,5241,1244,1874,4720,2450,2958,2928,920,3128,1265,698,1000,1942,10462,16012,3280,2443,338,3768,4836,8214,14621,2918,354,9421,2909,2745,2395,9097,7870,7883,860,6140,2151,2513,5574,4254,5330,5329,3153,4249,2051,1710,622,7448,6019,13634,1269,5231,2132,2800,1225,826,589,1376,545,8100,2748,2420,260,126,203,442,205,318,270,349,355,1534,1763,1252,559,1742,1144,1035,343,324,506,81,19,337,165,145,939,873,3820,14421,1584,865,1419,2111,3473,1405,3628,211,605,4751,1306,1244,3233,11302,4490,6037,1163,4028,3729,5480,910,1102,2531,1503,655,1386,2624,535,579,141,419,194,126,354,287,186,915,4241,6862,5726,6025,6053,576,1553,851,848,247,702,90,381,313,1098,114,85,5184,6852,3647,4642,155,219,3039,4299,3805,4750,3515,2435,90,107,340,838,942,3290,399,752,130,2244,2766,2436,5352,12258,781,7203,1060,1000,3499,3678,3550,3447,709,3279,630,736,93,63,58,61,53,55,55,57,975,3979,1727,7443,860,2295,616,1282,107,441,495,820,99,368,163,314,971,2077,1772,233,172,4753,2058,3398
EcMero2_Rup_APECO78_12545_0.97_0.95,601,2176,879,2442,586,1283,1409,2542,819,514,824,630,376,984,1435,792,2444,6131,10870,19795,3104,3367,1361,26456,742,2638,2217,551,321,2726,6798,7927,283,5475,1285,2168,259,4149,1376,2342,553,504,377,490,363,524,623,571,969,11311,1705,3488,739,2734,5289,8182,625,830,812,690,730,1879,1244,2045,166,89,120,242,132,148,136,317,258,743,331,259,236,492,2473,3297,293,210,227,73,20,190,535,527,457,640,450,678,456,361,2595,6696,878,353,599,94,284,916,470,710,1616,16647,4670,3889,454,3770,40741,70904,2060,4498,2549,28445,621,4367,11121,1818,418,106,157,143,89,190,257,340,1408,1226,1065,925,895,1744,656,3892,483,338,266,297,259,326,221,524,993,1258,493,586,425,921,192,373,496,467,429,447,390,394,572,433,729,2071,1197,5332,379,1500,2500,10840,754,569,789,1048,354,1327,2271,3314,341,655,285,302,217,455,465,778,354,217,155,261,148,171,1342,2433,1174,4767,1074,1967,412,2817,606,1187,110,182,168,208,121,136,147,371,250,2580,527,61,163,4122,2722,5432
EcMero2_Rup_APECO78_21920_0.92_1,209,132,275,276,154,293,168,193,329,281,150,198,170,176,233,111,700,76,449,600,254,146,95,269,459,477,352,83,97,319,247,248,242,233,253,230,155,286,162,199,280,249,165,238,140,172,140,105,655,548,441,463,221,427,216,224,413,360,489,404,418,339,190,186,144,82,91,146,84,91,68,96,135,187,102,113,75,85,154,105,204,70,83,43,10,80,27,40,158,112,85,136,117,46,140,184,361,249,210,93,81,240,98,86,274,278,145,153,150,211,323,266,654,509,454,281,129,436,216,43,250,89,120,151,70,118,107,97,463,283,302,334,291,370,209,240,240,166,137,157,123,163,152,145,381,427,241,294,238,255,170,140,270,200,270,299,285,251,189,117,623,505,456,310,310,539,231,280,327,286,200,249,77,295,159,203,312,230,182,171,139,183,142,155,229,171,113,166,109,155,130,127,404,306,207,271,232,326,258,184,105,93,119,211,98,90,65,127,142,215,107,9,90,167,152,203
EcMero2_Rup_APECO78_22510_0.92_1,1646,2422,8493,6921,5404,10197,341,814,854,3890,7256,3200,7001,7698,725,388,6822,7054,44884,46035,30518,18132,520,9175,2568,16127,18722,2708,3065,13900,1334,1178,969,6990,20137,6609,4786,15143,361,514,1544,7771,6063,6015,5107,6865,386,334,2128,7305,14691,11579,6019,16023,824,1485,1688,1824,1220,1570,988,9563,664,612,462,237,345,755,632,2083,97,195,902,2407,5796,2089,2167,4705,486,524,516,260,567,138,89,448,128,130,1170,941,1692,2476,3302,994,392,981,2012,1515,4436,191,7405,7364,655,597,1923,3873,2955,2768,3362,3057,5977,9345,2458,2574,5918,8132,3546,3138,5832,910,615,213,467,248,314,364,182,177,1435,2588,2511,3114,2908,2474,276,799,1269,1606,3030,1456,2257,2964,183,402,596,478,3143,1843,2012,3723,152,169,687,509,535,448,479,1918,224,165,1285,1630,1619,2824,1472,1846,370,2061,981,960,3176,3306,4355,2388,331,367,1013,2403,2409,1952,2305,2591,183,254,699,383,628,545,1036,565,460,781,1629,3576,1048,2954,2292,2348,303,535,184,541,1180,638,609,962,72,215,539,1283,2566,205,1174,4055,346,578
